-- phpMyAdmin SQL Dump
-- version 4.6.5.2
-- https://www.phpmyadmin.net/
--
-- Host: 127.0.0.1
-- Generation Time: Jun 17, 2017 at 04:26 AM
-- Server version: 10.1.21-MariaDB
-- PHP Version: 5.6.30

SET SQL_MODE = "NO_AUTO_VALUE_ON_ZERO";
SET time_zone = "+00:00";


/*!40101 SET @OLD_CHARACTER_SET_CLIENT=@@CHARACTER_SET_CLIENT */;
/*!40101 SET @OLD_CHARACTER_SET_RESULTS=@@CHARACTER_SET_RESULTS */;
/*!40101 SET @OLD_COLLATION_CONNECTION=@@COLLATION_CONNECTION */;
/*!40101 SET NAMES utf8mb4 */;

--
-- Database: `school`
--

-- --------------------------------------------------------

--
-- Table structure for table `t_classes`
--

CREATE TABLE `t_classes` (
  `class_id` int(7) NOT NULL,
  `class_name` varchar(150) NOT NULL,
  `teacher_name` varchar(100) NOT NULL,
  `teacher_id` int(11) NOT NULL,
  `level_id` tinyint(3) NOT NULL,
  `start_time` time NOT NULL,
  `end_time` time NOT NULL,
  `time_shift` tinyint(3) DEFAULT NULL,
  `register_user` tinyint(7) NOT NULL,
  `register_date` datetime DEFAULT CURRENT_TIMESTAMP,
  `update_user` tinyint(7) NOT NULL,
  `update_date` datetime DEFAULT CURRENT_TIMESTAMP,
  `del_flag` tinyint(4) NOT NULL DEFAULT '0'
) ENGINE=InnoDB DEFAULT CHARSET=utf8;

--
-- Dumping data for table `t_classes`
--

INSERT INTO `t_classes` (`class_id`, `class_name`, `teacher_name`, `teacher_id`, `level_id`, `start_time`, `end_time`, `time_shift`, `register_user`, `register_date`, `update_user`, `update_date`, `del_flag`) VALUES
(1, 'CYDO-002', 'KortSina', 6, 2, '07:30:00', '10:30:00', 1, 1, '2016-08-07 23:32:52', 1, '2017-06-13 17:29:26', 0),
(2, 'CYDO-001', 'kanha', 11, 1, '07:30:00', '10:30:00', 1, 1, '2016-08-07 23:32:52', 1, '2017-06-14 13:36:31', 0),
(3, 'No Class (001)', 'No Teacher', 0, 7, '07:30:00', '10:30:00', 1, 1, '2016-08-07 23:32:52', 1, '2017-06-13 17:28:43', 1),
(4, 'F. F 2', 'kanha', 6, 5, '07:30:00', '10:30:00', 1, 1, '2016-08-07 23:32:52', 1, '2017-06-13 17:28:57', 1),
(5, 'F.F 1', 'EP', 0, 4, '07:30:00', '11:30:00', 1, 1, '2016-08-07 23:32:52', 1, '2017-06-13 17:28:52', 1),
(6, 'No Class (002)', 'Non Teacher', 0, 7, '07:30:00', '16:30:00', 1, 1, '2016-10-01 11:05:23', 1, '2017-06-13 17:28:39', 1);

-- --------------------------------------------------------

--
-- Table structure for table `t_courses`
--

CREATE TABLE `t_courses` (
  `course_id` int(7) NOT NULL,
  `course_name` varchar(150) NOT NULL,
  `duration` tinyint(3) DEFAULT NULL,
  `register_user` int(7) DEFAULT NULL,
  `register_date` datetime DEFAULT CURRENT_TIMESTAMP,
  `update_user` int(7) DEFAULT NULL,
  `update_date` datetime DEFAULT CURRENT_TIMESTAMP,
  `del_flag` tinyint(4) NOT NULL DEFAULT '0'
) ENGINE=InnoDB DEFAULT CHARSET=utf8;

--
-- Dumping data for table `t_courses`
--

INSERT INTO `t_courses` (`course_id`, `course_name`, `duration`, `register_user`, `register_date`, `update_user`, `update_date`, `del_flag`) VALUES
(1, '1 Month', 1, 1, '2016-08-07 23:32:52', 1, '2016-08-07 23:32:52', 0),
(2, '3 Months', 3, 1, '2016-08-07 23:32:52', 1, '2016-08-07 23:32:52', 0),
(3, '6 Months', 6, 1, '2016-08-07 23:32:52', 1, '2016-08-07 23:32:52', 0),
(4, '2 Months', 2, 1, '2016-08-08 00:01:23', 1, '2016-08-08 00:01:23', 0),
(5, '4 Months', 4, 1, '2016-08-08 00:01:35', 1, '2016-08-08 00:01:35', 0),
(6, '5 Months', 5, 1, '2016-08-08 00:01:46', 1, '2016-08-08 00:01:46', 0),
(7, 'Starter', 1, 3, '2016-10-01 11:03:50', 3, '2016-10-01 11:04:04', 1);

-- --------------------------------------------------------

--
-- Table structure for table `t_emergency`
--

CREATE TABLE `t_emergency` (
  `emergency_id` int(10) NOT NULL,
  `student_id` int(10) NOT NULL,
  `emergency_name` varchar(150) DEFAULT NULL,
  `age` tinyint(3) DEFAULT NULL,
  `relationship` tinyint(3) DEFAULT NULL,
  `position` varchar(150) DEFAULT NULL,
  `contact_number` varchar(15) DEFAULT NULL,
  `address` varchar(300) DEFAULT NULL,
  `register_user` int(7) NOT NULL,
  `register_date` datetime DEFAULT CURRENT_TIMESTAMP,
  `update_user` int(7) NOT NULL,
  `update_date` datetime DEFAULT CURRENT_TIMESTAMP,
  `del_flag` tinyint(7) DEFAULT '0'
) ENGINE=InnoDB DEFAULT CHARSET=utf8;

--
-- Dumping data for table `t_emergency`
--

INSERT INTO `t_emergency` (`emergency_id`, `student_id`, `emergency_name`, `age`, `relationship`, `position`, `contact_number`, `address`, `register_user`, `register_date`, `update_user`, `update_date`, `del_flag`) VALUES
(1, 1, 'None', 1, 6, 'None', '+855 0', 'None', 1, '2017-06-13 15:12:35', 1, '2017-06-13 15:12:35', 0),
(2, 2, 'None', 1, 3, 'None', '+855 0', 'None', 1, '2017-06-13 15:15:10', 1, '2017-06-13 15:15:10', 0),
(3, 3, 'None', 1, 1, 'None', '+855 0', 'None', 1, '2017-06-13 15:21:47', 1, '2017-06-13 15:21:47', 0),
(4, 4, 'None', 1, 1, 'None', '+855 0', 'None', 1, '2017-06-13 15:26:08', 1, '2017-06-13 15:34:09', 0),
(5, 5, 'None', 1, 2, 'None', '+855 0', 'None', 1, '2017-06-13 15:29:28', 1, '2017-06-13 15:29:28', 0),
(6, 6, 'None', 1, 1, 'None', '+855 0', 'None', 4, '2017-06-13 15:45:27', 1, '2017-06-14 12:22:07', 0),
(7, 7, 'None', 1, 1, 'None', '+855 0', 'None', 4, '2017-06-13 15:47:35', 4, '2017-06-13 15:47:35', 0),
(8, 8, 'None', 1, 2, 'None', '+855 0', 'None', 4, '2017-06-13 15:49:13', 4, '2017-06-13 15:49:13', 0),
(9, 9, 'None', 1, 3, 'None', '+855 0', 'None', 4, '2017-06-13 15:50:51', 4, '2017-06-13 15:50:51', 0),
(10, 10, 'None', 1, 5, 'None', '+855 0', 'None', 4, '2017-06-13 15:52:45', 4, '2017-06-13 15:52:45', 0),
(11, 11, 'None', 1, 7, 'None', '+855 0', 'None', 4, '2017-06-13 15:54:42', 4, '2017-06-13 15:54:42', 0),
(12, 12, 'None', 1, 1, 'None', '+855 0', 'None', 4, '2017-06-13 15:58:27', 4, '2017-06-13 15:58:27', 0),
(13, 13, 'None', 1, 2, 'None', '+855 0', 'None', 4, '2017-06-13 16:00:33', 4, '2017-06-13 16:46:01', 0),
(14, 14, 'None', 1, 2, 'None', '+855 0', 'None', 4, '2017-06-13 16:02:07', 1, '2017-06-14 13:33:18', 0),
(15, 15, 'None', 1, 4, 'None', '+855 0', 'None', 4, '2017-06-13 16:04:26', 4, '2017-06-13 16:04:26', 0),
(16, 16, 'None', 1, 3, 'None', '+855 0', 'None', 4, '2017-06-13 16:06:08', 4, '2017-06-13 16:06:08', 0),
(17, 17, 'None', 1, 2, 'None', '+855 0', 'None', 4, '2017-06-14 01:01:50', 4, '2017-06-14 01:01:50', 0),
(18, 18, 'None', 1, 2, 'None', '+855 0', 'None', 4, '2017-06-14 01:03:09', 4, '2017-06-14 01:03:09', 0),
(19, 19, 'None', 1, 1, 'None', '+855 0', 'None', 4, '2017-06-14 01:06:27', 4, '2017-06-14 01:06:27', 0),
(20, 20, 'None', 1, 2, 'None', '+855 0', 'None', 4, '2017-06-14 01:07:46', 4, '2017-06-14 01:07:46', 0),
(21, 21, 'None', 1, 4, 'None', '+855 0', 'None', 4, '2017-06-14 01:09:09', 4, '2017-06-14 01:09:09', 0),
(22, 22, 'None', 1, 1, 'None', '+855 0', 'None', 4, '2017-06-14 01:10:32', 4, '2017-06-14 01:10:32', 0),
(23, 23, 'None', 1, 4, 'None', '+855 0', 'None', 4, '2017-06-14 01:12:11', 4, '2017-06-14 01:12:11', 0),
(24, 24, 'None', 1, 2, 'None', '+855 0', 'None', 4, '2017-06-14 01:13:27', 4, '2017-06-14 01:13:27', 0),
(25, 25, 'None', 1, 2, 'None', '+855 0', 'None', 4, '2017-06-14 01:14:40', 4, '2017-06-14 01:14:40', 0),
(26, 26, 'None', 1, 2, 'None', '+855 0', 'None', 4, '2017-06-14 01:16:29', 4, '2017-06-14 01:16:29', 0),
(27, 27, 'Nara', 45, 1, 'work', '+855 12 345 678', 'pp', 1, '2017-06-14 15:48:56', 1, '2017-06-14 15:48:56', 0),
(28, 28, 'none', 34, 1, 'none', '+855 12 345 678', 'none', 1, '2017-06-14 16:03:43', 1, '2017-06-14 16:03:43', 0),
(29, 29, 'none', 45, 1, 'none', '+855 12 345 678', 'none', 1, '2017-06-14 16:14:31', 8, '2017-06-15 09:34:03', 0),
(30, 30, 'abc', 45, 1, 'none', '+855 12 345 678', 'pp', 1, '2017-06-14 16:23:32', 1, '2017-06-14 16:23:32', 0),
(31, 31, 'abc', 45, 1, 'none', '+855 12 345 678', 'pp', 1, '2017-06-14 16:27:57', 1, '2017-06-14 16:27:57', 0),
(32, 32, 'abc', 45, 1, 'none', '+855 12 345 678', 'pp', 1, '2017-06-14 16:30:14', 1, '2017-06-14 16:30:14', 0),
(33, 33, 'abc', 45, 1, 'none', '+855 12 345 678', 'pp', 1, '2017-06-14 16:39:02', 1, '2017-06-14 16:39:02', 0),
(34, 34, 'abc', 45, 1, 'none', '+855 12 345 678', 'pp', 1, '2017-06-14 16:48:45', 1, '2017-06-14 16:48:45', 0),
(35, 35, 'abc', 45, 1, 'none', '+855 12 345 678', 'pp', 1, '2017-06-14 16:51:48', 1, '2017-06-14 16:51:48', 0),
(36, 36, 'none', 45, 1, 'none', '+855 12 345 678', 'pp', 1, '2017-06-14 16:55:16', 1, '2017-06-14 16:55:16', 0),
(37, 30, 'none', 45, 1, 'none', '+855 12 345 678', 'pp', 8, '2017-06-15 08:20:35', 8, '2017-06-15 08:20:35', 0),
(38, 31, 'abc', 45, 1, 'none', '+855 12 345 678', 'pp', 8, '2017-06-15 08:24:51', 8, '2017-06-15 08:24:51', 0),
(39, 32, 'abc', 45, 1, 'none', '+855 12 345 678', 'pp', 8, '2017-06-15 08:28:04', 8, '2017-06-15 08:28:04', 0),
(40, 33, 'abc', 45, 1, 'none', '+855 12 345 678', 'pp', 8, '2017-06-15 08:30:33', 8, '2017-06-15 08:30:33', 0),
(41, 34, 'abc', 45, 1, 'none', '+855 12 345 678', 'pp', 8, '2017-06-15 08:43:12', 8, '2017-06-15 08:43:12', 0),
(42, 35, 'abc', 45, 1, 'none', '+855 12 345 678', 'pp', 8, '2017-06-15 08:48:13', 8, '2017-06-15 08:48:13', 0),
(43, 36, 'abc', 45, 1, 'none', '+855 12 345 678', 'pp', 8, '2017-06-15 09:32:16', 8, '2017-06-15 09:32:16', 0),
(44, 37, 'none', 45, 1, 'none', '+855 12 345 678', 'pp', 8, '2017-06-15 10:01:16', 8, '2017-06-15 10:24:02', 0),
(45, 38, 'abc', 45, 1, 'none', '+855 12 345 678', 'pp', 8, '2017-06-15 16:23:40', 8, '2017-06-15 16:23:40', 0),
(46, 39, 'abc', 45, 1, 'none', '+855 12 345 678', 'pp', 8, '2017-06-15 16:33:47', 8, '2017-06-15 16:33:47', 0),
(47, 40, 'abc', 45, 1, 'none', '+855 12 345 678', 'pp', 8, '2017-06-15 16:55:44', 8, '2017-06-15 16:55:44', 0),
(48, 41, 'abc', 45, 1, 'none', '+855 12 345 678', 'pp', 8, '2017-06-15 16:56:29', 8, '2017-06-15 16:56:29', 0);

-- --------------------------------------------------------

--
-- Table structure for table `t_exam`
--

CREATE TABLE `t_exam` (
  `exam_id` int(7) NOT NULL,
  `exam_name` varchar(150) NOT NULL,
  `exam_month` int(11) NOT NULL,
  `exam_year` int(11) NOT NULL,
  `description` text NOT NULL,
  `register_user` int(11) NOT NULL,
  `register_date` datetime DEFAULT CURRENT_TIMESTAMP,
  `update_user` tinyint(7) NOT NULL,
  `update_date` datetime DEFAULT CURRENT_TIMESTAMP,
  `del_flag` tinyint(4) NOT NULL DEFAULT '0'
) ENGINE=InnoDB DEFAULT CHARSET=utf8;

--
-- Dumping data for table `t_exam`
--

INSERT INTO `t_exam` (`exam_id`, `exam_name`, `exam_month`, `exam_year`, `description`, `register_user`, `register_date`, `update_user`, `update_date`, `del_flag`) VALUES
(1, '06-2017', 6, 2017, 'First- Month', 8, '2017-06-09 00:00:00', 8, '2017-06-13 08:36:40', 1),
(2, '07-2017', 7, 2017, '', 8, '2017-06-09 00:00:00', 8, '2017-06-09 00:00:00', 1),
(3, '07-2017', 7, 2017, 'Test Exam', 8, '2017-06-09 00:00:00', 8, '2017-06-13 08:36:28', 1),
(4, '05-2017', 5, 2017, '', 8, '2017-06-12 00:00:00', 8, '2017-06-13 08:36:22', 1),
(5, '04-2017', 4, 2017, '', 8, '2017-06-12 00:00:00', 8, '2017-06-13 08:36:19', 1),
(6, '03-2017', 3, 2017, '', 8, '2017-06-12 00:00:00', 8, '2017-06-13 08:36:12', 1),
(7, '02-2017', 2, 2017, '', 8, '2017-06-12 00:00:00', 8, '2017-06-13 08:35:50', 1),
(8, '01-2017', 1, 2017, '', 8, '2017-06-12 00:00:00', 8, '2017-06-13 08:11:07', 1),
(9, 'ម៉េង ធនបញ្ញា', 1, 2017, 'Final Exam for January 2017', 8, '2017-06-13 00:00:00', 8, '2017-06-13 08:53:36', 1),
(10, 'សន ពិសី', 1, 2017, 'Final Exam for January 2017', 8, '2017-06-13 00:00:00', 8, '2017-06-13 08:53:32', 1),
(11, 'វ៉ាង ស្រីនីន', 1, 2017, 'Final Exam for January 2017', 8, '2017-06-13 00:00:00', 8, '2017-06-13 08:53:25', 1),
(12, 'ប៉ម  ពិសី', 6, 2017, 'Final Exam for January 2017', 8, '2017-06-13 00:00:00', 8, '2017-06-13 08:53:21', 1),
(13, 'ឈុន ស្រីពីន', 1, 2017, 'Final Exam for January 2017', 8, '2017-06-13 00:00:00', 8, '2017-06-13 08:53:17', 1),
(14, 'លឹម ណាន់ធីប', 1, 2017, 'Final Exam for January 2017', 8, '2017-06-13 00:00:00', 8, '2017-06-13 08:53:15', 1),
(15, 'វ៉ាង ដាវីដ', 1, 2017, 'Final Exam for January 2017', 8, '2017-06-13 00:00:00', 8, '2017-06-13 08:53:11', 1),
(16, 'ប៉ូ លីដែត', 1, 2017, 'Final Exam for January 2017', 8, '2017-06-13 00:00:00', 8, '2017-06-13 08:53:07', 1),
(17, 'កេង ចិន្តាមុន្នីរ័ត្ន', 1, 2017, 'Final Exam for January 2017', 8, '2017-06-13 00:00:00', 8, '2017-06-13 08:52:57', 1),
(18, 'មុន្នី រចនា', 1, 2017, 'Final Exam for January 2017', 8, '2017-06-13 00:00:00', 8, '2017-06-13 08:52:53', 1),
(19, 'តូន ដេវីដ', 1, 2017, 'Final Exam for January 2017', 8, '2017-06-13 00:00:00', 8, '2017-06-13 08:52:47', 1),
(20, 'សេង សំរិទ្ធ', 1, 2017, 'Final Exam for Junuary', 8, '2017-06-13 00:00:00', 8, '2017-06-13 08:52:43', 1),
(21, 'សេង សំរិទ្ធ', 1, 2017, 'Final Exam for January', 8, '2017-06-13 00:00:00', 8, '2017-06-13 08:52:40', 1),
(22, 'ឌួង ទេពប្រសិទ្ធ', 1, 2017, 'Final Exam for January 2017', 8, '2017-06-13 00:00:00', 8, '2017-06-13 08:52:35', 1),
(23, 'សន សៀវម៉េង', 1, 2017, 'Final Exam for January 2017', 8, '2017-06-13 00:00:00', 8, '2017-06-13 08:52:31', 1),
(24, 'សូន  ស្រីមូយ', 1, 2017, 'Final Exam for January 2017', 8, '2017-06-13 00:00:00', 8, '2017-06-13 08:52:25', 1),
(25, 'ម៉ី រចនា', 1, 2017, 'Final Exam for January 2017', 8, '2017-06-13 00:00:00', 8, '2017-06-13 08:52:22', 1),
(26, 'លាភ សុវណ្ណនីតា', 1, 2017, 'Final Exam for January 2017', 8, '2017-06-13 00:00:00', 8, '2017-06-13 08:52:16', 1),
(27, 'K-1 Exam', 1, 2017, 'Final Exam for January 2017', 2, '2017-06-13 00:00:00', 2, '2017-06-13 00:00:00', 0),
(28, '06-2017', 6, 2017, '', 1, '2017-06-14 00:00:00', 1, '2017-06-14 00:00:00', 0),
(29, '06-2017', 6, 2017, '', 1, '2017-06-14 00:00:00', 1, '2017-06-14 14:10:26', 1);

-- --------------------------------------------------------

--
-- Table structure for table `t_exam_marks`
--

CREATE TABLE `t_exam_marks` (
  `mark_id` int(7) NOT NULL,
  `student_id` int(10) NOT NULL,
  `room_id` int(11) DEFAULT NULL,
  `exam_id` int(10) NOT NULL,
  `absence_a` int(10) DEFAULT NULL,
  `absence_p` int(10) DEFAULT NULL,
  `home_work` float DEFAULT NULL,
  `class_work` float DEFAULT NULL,
  `quiz1` float DEFAULT NULL,
  `quiz2` float DEFAULT NULL,
  `quiz3` float DEFAULT NULL,
  `final_exam` float DEFAULT NULL,
  `total` float DEFAULT NULL,
  `register_user` int(7) NOT NULL,
  `register_date` datetime NOT NULL DEFAULT CURRENT_TIMESTAMP,
  `update_user` int(11) NOT NULL,
  `update_date` datetime NOT NULL DEFAULT CURRENT_TIMESTAMP,
  `del_flag` tinyint(7) DEFAULT '0'
) ENGINE=InnoDB DEFAULT CHARSET=utf8 ROW_FORMAT=COMPACT;

--
-- Dumping data for table `t_exam_marks`
--

INSERT INTO `t_exam_marks` (`mark_id`, `student_id`, `room_id`, `exam_id`, `absence_a`, `absence_p`, `home_work`, `class_work`, `quiz1`, `quiz2`, `quiz3`, `final_exam`, `total`, `register_user`, `register_date`, `update_user`, `update_date`, `del_flag`) VALUES
(1, 14, 2, 27, 0, 0, 5, 5, 7, 3, 10, 46, 86, 2, '2017-06-13 00:00:00', 2, '2017-06-13 00:00:00', 0),
(2, 10, 2, 27, 0, 0, 5, 5, 8, 8, 7, 45, 88, 2, '2017-06-13 00:00:00', 2, '2017-06-13 00:00:00', 0),
(3, 16, 2, 27, 0, 0, 5, 5, 5, 3, 8, 48, 84, 2, '2017-06-13 00:00:00', 2, '2017-06-13 00:00:00', 0),
(4, 9, 2, 27, 0, 0, 5, 5, 7, 7, 7, 49, 90, 2, '2017-06-13 00:00:00', 2, '2017-06-13 00:00:00', 0),
(5, 13, 2, 27, 0, 0, 5, 5, 7, 9, 10, 40, 86, 2, '2017-06-13 00:00:00', 2, '2017-06-13 00:00:00', 0),
(6, 15, 2, 27, 0, 0, 5, 5, 7, 7, 10, 40, 84, 2, '2017-06-13 00:00:00', 1, '2017-06-14 14:08:08', 1),
(7, 6, 2, 27, 1, 0, 5, 5, 9, 7, 10, 48, 93, 2, '2017-06-13 00:00:00', 1, '2017-06-14 12:22:22', 0),
(8, 11, 2, 27, 0, 0, 5, 5, 6, 9, 5, 48, 88, 2, '2017-06-13 00:00:00', 2, '2017-06-13 00:00:00', 0),
(9, 12, 2, 27, 0, 0, 5, 5, 7, 6, 9, 45, 87, 2, '2017-06-13 00:00:00', 2, '2017-06-13 00:00:00', 0),
(10, 8, 2, 27, 0, 0, 5, 5, 8, 6, 9, 48, 91, 2, '2017-06-13 00:00:00', 2, '2017-06-13 00:00:00', 0),
(11, 7, 2, 27, 0, 0, 5, 5, 8, 9, 9.5, 45, 91.5, 2, '2017-06-13 00:00:00', 2, '2017-06-13 00:00:00', 0),
(12, 24, 1, 27, 0, 0, 0, 0, 0, 0, 0, 0, 10, 1, '2017-06-14 00:00:00', 1, '2017-06-14 00:00:00', 0),
(13, 21, 1, 27, 0, 0, 0, 0, 0, 0, 0, 0, 10, 1, '2017-06-14 00:00:00', 8, '2017-06-15 09:14:12', 1),
(14, 17, 1, 27, 0, 0, 0, 0, 0, 0, 0, 0, 10, 1, '2017-06-14 00:00:00', 1, '2017-06-14 00:00:00', 0),
(15, 25, 1, 27, 0, 0, 0, 0, 0, 0, 0, 0, 10, 1, '2017-06-14 00:00:00', 1, '2017-06-14 00:00:00', 0),
(16, 18, 1, 27, 0, 0, 0, 0, 0, 0, 0, 0, 10, 1, '2017-06-14 00:00:00', 1, '2017-06-14 00:00:00', 0),
(17, 20, 1, 27, 0, 0, 0, 0, 0, 0, 0, 0, 10, 1, '2017-06-14 00:00:00', 1, '2017-06-14 00:00:00', 0),
(18, 22, 1, 27, 0, 0, 0, 0, 0, 0, 0, 0, 10, 1, '2017-06-14 00:00:00', 1, '2017-06-14 00:00:00', 0),
(19, 23, 1, 27, 0, 0, 0, 0, 0, 0, 0, 0, 10, 1, '2017-06-14 00:00:00', 1, '2017-06-14 00:00:00', 0),
(20, 26, 1, 27, 0, 0, 0, 0, 0, 0, 0, 0, 10, 1, '2017-06-14 00:00:00', 1, '2017-06-14 00:00:00', 0),
(21, 19, 1, 27, 0, 0, 0, 0, 0, 0, 0, 0, 10, 1, '2017-06-14 00:00:00', 1, '2017-06-14 00:00:00', 0),
(22, 15, 2, 27, 2, 0, 5, 5, 8, 8, 8, 45, 87, 1, '2017-06-14 00:00:00', 1, '2017-06-14 00:00:00', 0),
(23, 37, 2, 28, 0, 0, 0, 0, 0, 0, 0, 0, 10, 8, '2017-06-15 00:00:00', 8, '2017-06-15 00:00:00', 0),
(24, 29, 2, 28, 0, 0, 0, 0, 0, 0, 0, 0, 10, 8, '2017-06-15 00:00:00', 8, '2017-06-15 00:00:00', 0),
(25, 9, 2, 28, 0, 0, 0, 0, 0, 0, 0, 0, 10, 8, '2017-06-15 00:00:00', 8, '2017-06-15 00:00:00', 0),
(26, 13, 2, 28, 0, 0, 0, 0, 0, 0, 0, 0, 10, 8, '2017-06-15 00:00:00', 8, '2017-06-15 00:00:00', 0),
(27, 30, 2, 28, 0, 0, 0, 0, 0, 0, 0, 0, 10, 8, '2017-06-15 00:00:00', 8, '2017-06-15 00:00:00', 0),
(28, 15, 2, 28, 0, 0, 0, 0, 0, 0, 0, 0, 10, 8, '2017-06-15 00:00:00', 8, '2017-06-15 00:00:00', 0),
(29, 11, 2, 28, 0, 0, 0, 0, 0, 0, 0, 0, 10, 8, '2017-06-15 00:00:00', 8, '2017-06-15 00:00:00', 0),
(30, 36, 2, 28, 0, 0, 0, 0, 0, 0, 0, 0, 10, 8, '2017-06-15 00:00:00', 8, '2017-06-15 00:00:00', 0),
(31, 12, 2, 28, 0, 0, 0, 0, 0, 0, 0, 0, 10, 8, '2017-06-15 00:00:00', 8, '2017-06-15 00:00:00', 0),
(32, 32, 2, 28, 0, 0, 0, 0, 0, 0, 0, 0, 10, 8, '2017-06-15 00:00:00', 8, '2017-06-15 15:39:49', 1),
(33, 33, 2, 28, 0, 0, 0, 0, 0, 0, 0, 0, 10, 8, '2017-06-15 00:00:00', 8, '2017-06-15 15:39:39', 1),
(34, 7, 2, 28, 0, 0, 0, 0, 0, 0, 0, 0, 10, 8, '2017-06-15 00:00:00', 8, '2017-06-15 00:00:00', 0);

-- --------------------------------------------------------

--
-- Table structure for table `t_invoice`
--

CREATE TABLE `t_invoice` (
  `invoice_id` int(6) NOT NULL,
  `student_id` int(10) NOT NULL,
  `class_name` varchar(150) DEFAULT NULL,
  `duration` int(3) DEFAULT NULL,
  `level` varchar(150) DEFAULT NULL,
  `time_shift` tinyint(3) DEFAULT NULL,
  `start_time` time DEFAULT NULL,
  `end_time` time DEFAULT NULL,
  `fee` double DEFAULT NULL,
  `invoice_date` datetime DEFAULT NULL,
  `enroll_date` datetime DEFAULT NULL,
  `expire_paymentdate` datetime DEFAULT NULL,
  `receptionist` varchar(150) DEFAULT NULL,
  `register_user` int(7) NOT NULL,
  `register_date` datetime DEFAULT CURRENT_TIMESTAMP,
  `update_user` int(7) NOT NULL,
  `update_date` datetime DEFAULT CURRENT_TIMESTAMP,
  `del_flag` tinyint(7) DEFAULT '0',
  `start_new` datetime DEFAULT NULL,
  `expire_new` datetime DEFAULT NULL
) ENGINE=InnoDB DEFAULT CHARSET=utf8;

--
-- Dumping data for table `t_invoice`
--

INSERT INTO `t_invoice` (`invoice_id`, `student_id`, `class_name`, `duration`, `level`, `time_shift`, `start_time`, `end_time`, `fee`, `invoice_date`, `enroll_date`, `expire_paymentdate`, `receptionist`, `register_user`, `register_date`, `update_user`, `update_date`, `del_flag`, `start_new`, `expire_new`) VALUES
(1, 1, 'K-1 (001)', 1, 'K-1', 1, '07:30:00', '10:30:00', 9, '2017-06-13 00:00:00', '2017-01-01 00:00:00', '2017-02-01 00:00:00', 'RISCYDO', 1, '2017-06-13 15:12:35', 1, '2017-06-13 00:00:00', 1, '2017-01-01 00:00:00', '2017-02-01 00:00:00'),
(2, 2, 'K-1 (001)', 1, 'K-1', 1, '07:30:00', '10:30:00', 9, '2017-06-13 00:00:00', '2017-01-01 00:00:00', '2017-02-01 00:00:00', 'RISCYDO', 1, '2017-06-13 15:15:10', 1, '2017-06-13 00:00:00', 1, '2017-01-01 00:00:00', '2017-02-01 00:00:00'),
(3, 3, 'K-1 (001)', 1, 'K-1', 1, '07:30:00', '10:30:00', 8, '2017-06-13 00:00:00', '2017-01-05 00:00:00', '2017-02-05 00:00:00', 'RISCYDO', 1, '2017-06-13 15:21:48', 1, '2017-06-13 00:00:00', 1, '2017-01-05 00:00:00', '2017-02-05 00:00:00'),
(4, 4, 'K-1 (001)', 1, 'K-1', 1, '07:30:00', '10:30:00', 9, '2017-06-13 00:00:00', '2017-06-07 00:00:00', '2017-07-07 00:00:00', 'RISCYDO', 1, '2017-06-13 15:26:08', 1, '2017-06-13 00:00:00', 1, '2017-06-07 00:00:00', '2017-07-07 00:00:00'),
(5, 5, 'K-1 (001)', 1, 'K-1', 1, '07:30:00', '10:30:00', 8, '2017-06-13 00:00:00', '2017-01-20 00:00:00', '2017-02-20 00:00:00', 'RISCYDO', 1, '2017-06-13 15:29:28', 1, '2017-06-13 00:00:00', 1, '2017-01-20 00:00:00', '2017-02-20 00:00:00'),
(6, 6, 'K-1 (001)', 1, 'K-1', 1, '07:30:00', '10:30:00', 9, '2017-06-13 00:00:00', '2017-01-07 00:00:00', '2017-02-07 00:00:00', 'RIS1_Morning', 4, '2017-06-13 15:45:27', 8, '2017-06-15 00:00:00', 1, '2017-01-07 00:00:00', '2017-02-07 00:00:00'),
(7, 7, 'K-1 (001)', 1, 'K-1', 1, '07:30:00', '10:30:00', 9, '2017-06-13 00:00:00', '2017-01-01 00:00:00', '2017-02-01 00:00:00', 'RIS1_Morning', 4, '2017-06-13 15:47:35', 4, '2017-06-13 15:47:35', 0, '2017-01-01 00:00:00', '2017-02-01 00:00:00'),
(8, 8, 'K-1 (001)', 1, 'K-1', 1, '07:30:00', '10:30:00', 9, '2017-06-13 00:00:00', '2017-01-01 00:00:00', '2017-02-01 00:00:00', 'RIS1_Morning', 4, '2017-06-13 15:49:13', 8, '2017-06-15 00:00:00', 1, '2017-01-01 00:00:00', '2017-02-01 00:00:00'),
(9, 9, 'K-1 (001)', 1, 'K-1', 1, '07:30:00', '10:30:00', 8, '2017-06-13 00:00:00', '2017-01-20 00:00:00', '2017-02-20 00:00:00', 'RIS1_Morning', 4, '2017-06-13 15:50:51', 4, '2017-06-13 15:50:51', 0, '2017-01-20 00:00:00', '2017-02-20 00:00:00'),
(10, 10, 'K-1 (001)', 1, 'K-1', 1, '07:30:00', '10:30:00', 8, '2017-06-13 00:00:00', '2017-01-05 00:00:00', '2017-02-05 00:00:00', 'RIS1_Morning', 4, '2017-06-13 15:52:45', 8, '2017-06-15 00:00:00', 1, '2017-01-05 00:00:00', '2017-02-05 00:00:00'),
(11, 11, 'K-1 (001)', 1, 'K-1', 1, '07:30:00', '10:30:00', 8, '2017-06-13 00:00:00', '2017-01-01 00:00:00', '2017-02-01 00:00:00', 'RIS1_Morning', 4, '2017-06-13 15:54:43', 4, '2017-06-13 15:54:43', 0, '2017-01-01 00:00:00', '2017-02-01 00:00:00'),
(12, 12, 'K-1 (001)', 1, 'K-1', 1, '07:30:00', '10:30:00', 8, '2017-06-13 00:00:00', '2017-01-06 00:00:00', '2017-02-06 00:00:00', 'RIS1_Morning', 4, '2017-06-13 15:58:27', 4, '2017-06-13 15:58:27', 0, '2017-01-06 00:00:00', '2017-02-06 00:00:00'),
(13, 13, 'K-1 (001)', 1, 'K-1', 1, '07:30:00', '10:30:00', 9, '2017-06-13 00:00:00', '2017-06-11 00:00:00', '2017-07-11 00:00:00', 'RIS1_Morning', 4, '2017-06-13 16:00:33', 4, '2017-06-13 00:00:00', 1, '2017-06-11 00:00:00', '2017-07-11 00:00:00'),
(14, 14, 'K-1 (001)', 1, 'K-1', 1, '07:30:00', '10:30:00', 9, '2017-06-13 00:00:00', '2017-01-03 00:00:00', '2017-02-03 00:00:00', 'RIS1_Morning', 4, '2017-06-13 16:02:07', 8, '2017-06-15 00:00:00', 1, '2017-01-03 00:00:00', '2017-02-03 00:00:00'),
(15, 15, 'K-1 (001)', 1, 'K-1', 1, '07:30:00', '10:30:00', 8, '2017-06-13 00:00:00', '2017-01-16 00:00:00', '2017-02-16 00:00:00', 'RIS1_Morning', 4, '2017-06-13 16:04:26', 4, '2017-06-13 16:04:26', 0, '2017-01-16 00:00:00', '2017-02-16 00:00:00'),
(16, 16, 'K-1 (001)', 1, 'K-1', 1, '07:30:00', '10:30:00', 8, '2017-06-13 00:00:00', '2017-01-01 00:00:00', '2017-02-01 00:00:00', 'RIS1_Morning', 4, '2017-06-13 16:06:08', 8, '2017-06-15 00:00:00', 1, '2017-01-01 00:00:00', '2017-02-01 00:00:00'),
(17, 6, 'CYDO-001', 1, 'K-1', 1, '07:30:00', '10:30:00', 9, '2017-06-13 00:00:00', '2017-01-07 00:00:00', '2017-03-07 00:00:00', 'RIS1_Morning', 4, '2017-06-13 17:32:28', 8, '2017-06-15 00:00:00', 1, '2017-02-07 00:00:00', '2017-03-07 00:00:00'),
(18, 7, 'CYDO-001', 1, 'K-1', 1, '07:30:00', '10:30:00', 8, '2017-06-13 00:00:00', '2017-01-01 00:00:00', '2017-03-01 00:00:00', 'RIS1_Morning', 4, '2017-06-13 17:34:25', 4, '2017-06-13 17:34:25', 0, '2017-02-01 00:00:00', '2017-03-01 00:00:00'),
(19, 8, 'CYDO-001', 1, 'K-1', 1, '07:30:00', '10:30:00', 9, '2017-06-13 00:00:00', '2017-01-01 00:00:00', '2017-03-01 00:00:00', 'RIS1_Morning', 4, '2017-06-13 17:34:53', 8, '2017-06-15 00:00:00', 1, '2017-02-01 00:00:00', '2017-03-01 00:00:00'),
(20, 9, 'CYDO-001', 1, 'K-1', 1, '07:30:00', '10:30:00', 8, '2017-06-13 00:00:00', '2017-01-20 00:00:00', '2017-03-20 00:00:00', 'RIS1_Morning', 4, '2017-06-13 17:35:29', 4, '2017-06-13 17:35:29', 0, '2017-02-20 00:00:00', '2017-03-20 00:00:00'),
(21, 10, 'CYDO-001', 1, 'K-1', 1, '07:30:00', '10:30:00', 9, '2017-06-13 00:00:00', '2017-01-05 00:00:00', '2017-03-05 00:00:00', 'RIS1_Morning', 4, '2017-06-13 17:35:59', 8, '2017-06-15 00:00:00', 1, '2017-02-05 00:00:00', '2017-03-05 00:00:00'),
(22, 11, 'CYDO-001', 1, 'K-1', 1, '07:30:00', '10:30:00', 9, '2017-06-13 00:00:00', '2017-01-01 00:00:00', '2017-03-01 00:00:00', 'RIS1_Morning', 4, '2017-06-13 17:36:23', 4, '2017-06-13 17:36:23', 0, '2017-02-01 00:00:00', '2017-03-01 00:00:00'),
(23, 12, 'CYDO-001', 1, 'K-1', 1, '07:30:00', '10:30:00', 9, '2017-06-13 00:00:00', '2017-01-06 00:00:00', '2017-03-06 00:00:00', 'RIS1_Morning', 4, '2017-06-13 17:37:09', 4, '2017-06-13 17:37:09', 0, '2017-02-06 00:00:00', '2017-03-06 00:00:00'),
(24, 14, 'CYDO-001', 1, 'K-1', 1, '07:30:00', '10:30:00', 9, '2017-06-13 00:00:00', '2017-01-03 00:00:00', '2017-03-03 00:00:00', 'RIS1_Morning', 4, '2017-06-13 17:37:41', 8, '2017-06-15 00:00:00', 1, '2017-02-03 00:00:00', '2017-03-03 00:00:00'),
(25, 15, 'CYDO-001', 1, 'K-1', 1, '07:30:00', '10:30:00', 9, '2017-06-13 00:00:00', '2017-01-16 00:00:00', '2017-03-16 00:00:00', 'RIS1_Morning', 4, '2017-06-13 17:38:18', 4, '2017-06-13 17:38:18', 0, '2017-02-16 00:00:00', '2017-03-16 00:00:00'),
(26, 16, 'CYDO-001', 1, 'K-1', 1, '07:30:00', '10:30:00', 8, '2017-06-13 00:00:00', '2017-01-01 00:00:00', '2017-03-01 00:00:00', 'RIS1_Morning', 4, '2017-06-13 17:38:42', 8, '2017-06-15 00:00:00', 1, '2017-02-01 00:00:00', '2017-03-01 00:00:00'),
(27, 17, 'CYDO-002', 1, 'K-2', 1, '07:30:00', '10:30:00', 8, '2017-06-14 00:00:00', '2017-01-07 00:00:00', '2017-02-07 00:00:00', 'RIS1_Morning', 4, '2017-06-14 01:01:50', 4, '2017-06-14 01:01:50', 0, '2017-01-07 00:00:00', '2017-02-07 00:00:00'),
(28, 18, 'CYDO-002', 1, 'K-2', 1, '07:30:00', '10:30:00', 8, '2017-06-14 00:00:00', '2017-01-03 00:00:00', '2017-02-03 00:00:00', 'RIS1_Morning', 4, '2017-06-14 01:03:10', 4, '2017-06-14 01:03:10', 0, '2017-01-03 00:00:00', '2017-02-03 00:00:00'),
(29, 19, 'CYDO-002', 1, 'K-2', 1, '07:30:00', '10:30:00', 8, '2017-06-14 00:00:00', '2017-01-06 00:00:00', '2017-02-06 00:00:00', 'RIS1_Morning', 4, '2017-06-14 01:06:27', 8, '2017-06-15 00:00:00', 1, '2017-01-06 00:00:00', '2017-02-06 00:00:00'),
(30, 20, 'CYDO-002', 1, 'K-2', 1, '07:30:00', '10:30:00', 8, '2017-06-14 00:00:00', '2017-01-13 00:00:00', '2017-02-13 00:00:00', 'RIS1_Morning', 4, '2017-06-14 01:07:46', 4, '2017-06-14 01:07:46', 0, '2017-01-13 00:00:00', '2017-02-13 00:00:00'),
(31, 21, 'CYDO-002', 1, 'K-2', 1, '07:30:00', '10:30:00', 8, '2017-06-14 00:00:00', '2017-01-08 00:00:00', '2017-02-08 00:00:00', 'RIS1_Morning', 4, '2017-06-14 01:09:09', 8, '2017-06-15 00:00:00', 1, '2017-01-08 00:00:00', '2017-02-08 00:00:00'),
(32, 22, 'CYDO-002', 1, 'K-2', 1, '07:30:00', '10:30:00', 8, '2017-06-14 00:00:00', '2017-01-02 00:00:00', '2017-02-02 00:00:00', 'RIS1_Morning', 4, '2017-06-14 01:10:32', 4, '2017-06-14 01:10:32', 0, '2017-01-02 00:00:00', '2017-02-02 00:00:00'),
(33, 23, 'CYDO-002', 1, 'K-2', 1, '07:30:00', '10:30:00', 8, '2017-06-14 00:00:00', '2017-01-02 00:00:00', '2017-02-02 00:00:00', 'RIS1_Morning', 4, '2017-06-14 01:12:12', 4, '2017-06-14 01:12:12', 0, '2017-01-02 00:00:00', '2017-02-02 00:00:00'),
(34, 24, 'CYDO-002', 1, 'K-2', 1, '07:30:00', '10:30:00', 8, '2017-06-14 00:00:00', '2017-01-20 00:00:00', '2017-02-20 00:00:00', 'RIS1_Morning', 4, '2017-06-14 01:13:27', 8, '2017-06-15 00:00:00', 1, '2017-01-20 00:00:00', '2017-02-20 00:00:00'),
(35, 25, 'CYDO-002', 1, 'K-2', 1, '07:30:00', '10:30:00', 4, '2017-06-14 00:00:00', '2017-01-20 00:00:00', '2017-02-20 00:00:00', 'RIS1_Morning', 4, '2017-06-14 01:14:40', 4, '2017-06-14 01:14:40', 0, '2017-01-20 00:00:00', '2017-02-20 00:00:00'),
(36, 26, 'CYDO-002', 1, 'K-2', 1, '07:30:00', '10:30:00', 8, '2017-06-14 00:00:00', '2017-01-18 00:00:00', '2017-02-18 00:00:00', 'RIS1_Morning', 4, '2017-06-14 01:16:29', 4, '2017-06-14 01:16:29', 0, '2017-01-18 00:00:00', '2017-02-18 00:00:00'),
(37, 6, 'CYDO-001', 3, 'K-1', 1, '07:30:00', '10:30:00', 35, '2017-06-14 00:00:00', '2017-01-07 00:00:00', '2017-06-07 00:00:00', 'konkhmer_admin', 8, '2017-06-14 01:22:30', 8, '2017-06-15 00:00:00', 1, '2017-03-07 00:00:00', '2017-06-07 00:00:00'),
(38, 6, 'CYDO-001', 4, 'K-1', 1, '07:30:00', '10:30:00', 35, '2017-06-14 00:00:00', '2017-01-07 00:00:00', '2017-10-07 00:00:00', 'konkhmer_admin', 8, '2017-06-14 01:24:00', 8, '2017-06-15 00:00:00', 1, '2017-06-07 00:00:00', '2017-10-07 00:00:00'),
(39, 7, 'CYDO-001', 3, 'K-1', 1, '07:30:00', '10:30:00', 35, '2017-06-14 00:00:00', '2017-01-01 00:00:00', '2017-06-01 00:00:00', 'konkhmer_admin', 8, '2017-06-14 01:35:10', 8, '2017-06-14 00:00:00', 0, '2017-03-01 00:00:00', '2017-06-01 00:00:00'),
(40, 7, 'CYDO-001', 2, 'K-1', 1, '07:30:00', '10:30:00', 35, '2017-06-14 00:00:00', '2017-01-01 00:00:00', '2017-08-01 00:00:00', 'konkhmer_admin', 8, '2017-06-14 01:43:41', 8, '2017-06-14 01:43:41', 0, '2017-06-01 00:00:00', '2017-08-01 00:00:00'),
(41, 8, 'CYDO-001', 3, 'K-1', 1, '07:30:00', '10:30:00', 35, '2017-06-14 00:00:00', '2017-01-01 00:00:00', '2017-06-01 00:00:00', 'konkhmer_admin', 8, '2017-06-14 01:46:36', 8, '2017-06-15 00:00:00', 1, '2017-03-01 00:00:00', '2017-06-01 00:00:00'),
(42, 13, 'CYDO-001', 1, 'K-1', 1, '07:30:00', '10:30:00', 23, '2017-06-14 00:00:00', '2017-01-11 00:00:00', '2017-08-11 00:00:00', 'realmax', 1, '2017-06-14 12:14:02', 1, '2017-06-14 12:14:02', 0, '2017-07-11 00:00:00', '2017-08-11 00:00:00'),
(43, 13, 'CYDO-001', 1, 'K-1', 1, '07:30:00', '10:30:00', 12, '2017-06-14 00:00:00', '2017-01-11 00:00:00', '2017-09-11 00:00:00', 'realmax', 1, '2017-06-14 12:15:16', 1, '2017-06-14 00:00:00', 0, '2017-08-11 00:00:00', '2017-09-11 00:00:00'),
(44, 33, 'CYDO-001', 1, 'K-1', 1, '07:30:00', '10:30:00', 10, '2017-06-15 00:00:00', '2017-02-15 00:00:00', '2017-03-15 00:00:00', 'konkhmer_admin', 8, '2017-06-15 08:30:33', 8, '2017-06-15 00:00:00', 1, '2017-02-15 00:00:00', '2017-03-15 00:00:00'),
(45, 37, 'CYDO-001', 3, 'K-1', 1, '07:30:00', '10:30:00', 15, '2017-06-15 00:00:00', '2017-06-15 00:00:00', '2017-09-17 00:00:00', 'konkhmer_admin', 8, '2017-06-15 10:05:19', 8, '2017-06-15 10:05:19', 0, '2017-06-17 00:00:00', '2017-09-17 00:00:00'),
(46, 38, 'CYDO-001', 2, 'K-1', 1, '07:30:00', '10:30:00', 15, '2017-06-15 00:00:00', '2017-06-16 00:00:00', '2017-08-15 00:00:00', 'konkhmer_admin', 8, '2017-06-15 16:23:40', 8, '2017-06-15 00:00:00', 1, '2017-06-15 00:00:00', '2017-08-15 00:00:00'),
(47, 39, 'CYDO-001', 3, 'K-1', 1, '07:30:00', '10:30:00', 25, '2017-06-15 00:00:00', '2017-06-16 00:00:00', '2017-09-16 00:00:00', 'konkhmer_admin', 8, '2017-06-15 16:33:47', 8, '2017-06-15 00:00:00', 1, '2017-06-16 00:00:00', '2017-09-16 00:00:00'),
(48, 40, 'CYDO-001', 3, 'K-1', 1, '07:30:00', '10:30:00', 15, '2017-06-15 00:00:00', '2017-01-15 00:00:00', '2017-04-15 00:00:00', 'konkhmer_admin', 8, '2017-06-15 16:55:44', 8, '2017-06-15 00:00:00', 1, '2017-01-15 00:00:00', '2017-04-15 00:00:00'),
(49, 41, 'CYDO-001', 2, 'K-1', 1, '07:30:00', '10:30:00', 12, '2017-06-15 00:00:00', '2017-06-15 00:00:00', '2017-08-15 00:00:00', 'konkhmer_admin', 8, '2017-06-15 16:56:29', 8, '2017-06-15 00:00:00', 0, '2017-06-15 00:00:00', '2017-08-15 00:00:00');

-- --------------------------------------------------------

--
-- Table structure for table `t_level`
--

CREATE TABLE `t_level` (
  `level_id` tinyint(3) NOT NULL,
  `level_name` varchar(150) DEFAULT NULL,
  `register_user` tinyint(7) NOT NULL,
  `register_date` datetime DEFAULT CURRENT_TIMESTAMP,
  `update_user` tinyint(7) NOT NULL,
  `update_date` datetime DEFAULT CURRENT_TIMESTAMP,
  `del_flag` tinyint(4) NOT NULL DEFAULT '0'
) ENGINE=InnoDB DEFAULT CHARSET=utf8;

--
-- Dumping data for table `t_level`
--

INSERT INTO `t_level` (`level_id`, `level_name`, `register_user`, `register_date`, `update_user`, `update_date`, `del_flag`) VALUES
(1, 'K-1', 1, '2016-08-07 23:32:52', 1, '2017-06-14 13:34:33', 0),
(2, 'K-2', 1, '2016-08-07 23:32:52', 1, '2016-08-08 00:02:13', 0),
(3, 'Starter', 1, '2016-08-07 23:32:52', 1, '2016-08-10 15:42:21', 0),
(4, 'F.F 1', 1, '2016-08-07 23:32:52', 1, '2016-08-10 15:42:29', 0),
(5, 'F.F 2', 1, '2016-08-07 23:32:52', 1, '2016-08-10 15:42:44', 0),
(6, 'Discover - 1', 1, '2016-08-08 00:03:31', 1, '2016-08-10 15:42:48', 0),
(7, 'No Class (Student Stopped)', 3, '2016-10-01 11:01:11', 1, '2017-06-13 17:27:15', 1),
(8, 'No Class (Student Stopped)', 3, '2016-10-01 11:01:49', 3, '2016-10-01 11:02:03', 1);

-- --------------------------------------------------------

--
-- Table structure for table `t_nationality`
--

CREATE TABLE `t_nationality` (
  `nationality_id` int(4) NOT NULL,
  `nationality_name` varchar(100) DEFAULT NULL
) ENGINE=InnoDB DEFAULT CHARSET=utf8;

--
-- Dumping data for table `t_nationality`
--

INSERT INTO `t_nationality` (`nationality_id`, `nationality_name`) VALUES
(1, 'Afghan'),
(2, 'Albanian'),
(3, 'Algerian'),
(4, 'American'),
(5, 'Andorran'),
(6, 'Angolan'),
(7, 'Antiguans'),
(8, 'Argentinean'),
(9, 'Armenian'),
(10, 'Australian'),
(11, 'Austrian'),
(12, 'Azerbaijani'),
(13, 'Bahamian'),
(14, 'Bahraini'),
(15, 'Bangladeshi'),
(16, 'Barbadian'),
(17, 'Barbudans'),
(18, 'Batswana'),
(19, 'Belarusian'),
(20, 'Belgian'),
(21, 'Belizean'),
(22, 'Beninese'),
(23, 'Bhutanese'),
(24, 'Bolivian'),
(25, 'Bosnian'),
(26, 'Brazilian'),
(27, 'British'),
(28, 'Bruneian'),
(29, 'Bulgarian'),
(30, 'Burkinabe'),
(31, 'Burmese'),
(32, 'Burundian'),
(33, 'Cambodian'),
(34, 'Cameroonian'),
(35, 'Canadian'),
(36, 'Cape Verdean'),
(37, 'Central African'),
(38, 'Chadian'),
(39, 'Chilean'),
(40, 'Chinese'),
(41, 'Colombian'),
(42, 'Comoran'),
(43, 'Congolese'),
(44, 'Costa Rican'),
(45, 'Croatian'),
(46, 'Cuban'),
(47, 'Cypriot'),
(48, 'Czech'),
(49, 'Danish'),
(50, 'Djibouti'),
(51, 'Dominican'),
(52, 'Dutch'),
(53, 'East Timorese'),
(54, 'Ecuadorean'),
(55, 'Egyptian'),
(56, 'Emirian'),
(57, 'Equatorial Guinean'),
(58, 'Eritrean'),
(59, 'Estonian'),
(60, 'Ethiopian'),
(61, 'Fijian'),
(62, 'Filipino'),
(63, 'Finnish'),
(64, 'French'),
(65, 'Gabonese'),
(66, 'Gambian'),
(67, 'Georgian'),
(68, 'German'),
(69, 'Ghanaian'),
(70, 'Greek'),
(71, 'Grenadian'),
(72, 'Guatemalan'),
(73, 'Guinea-Bissauan'),
(74, 'Guinean'),
(75, 'Guyanese'),
(76, 'Haitian'),
(77, 'Herzegovinian'),
(78, 'Hungarian'),
(79, 'Icelander'),
(80, 'Indian'),
(81, 'Indonesian'),
(82, 'Iranian'),
(83, 'Iraqi'),
(84, 'Irish'),
(85, 'Israeli'),
(86, 'Italian'),
(87, 'Ivorian'),
(88, 'Jamaican'),
(89, 'Japanese'),
(90, 'Jordanian'),
(91, 'Kazakhstani'),
(92, 'Kenyan'),
(93, 'Kittian and Nevisian'),
(94, 'Kuwaiti'),
(95, 'Kyrgyz'),
(96, 'Laotian'),
(97, 'Latvian'),
(98, 'Lebanese'),
(99, 'Liberian'),
(100, 'Libyan'),
(101, 'Liechtensteiner'),
(102, 'Lithuanian'),
(103, 'Luxembourger'),
(104, 'Macedonian'),
(105, 'Malagasy'),
(106, 'Malawian'),
(107, 'Malaysian'),
(108, 'Maldivan'),
(109, 'Malian'),
(110, 'Maltese'),
(111, 'Marshallese'),
(112, 'Mauritanian'),
(113, 'Mauritian'),
(114, 'Mexican'),
(115, 'Micronesian'),
(116, 'Moldovan'),
(117, 'Monacan'),
(118, 'Mongolian'),
(119, 'Moroccan'),
(120, 'Mosotho'),
(121, 'Motswana'),
(122, 'Mozambican'),
(123, 'Namibian'),
(124, 'Nauruan'),
(125, 'Nepalese'),
(126, 'New Zealander'),
(127, 'Ni-Vanuatu'),
(128, 'Nicaraguan'),
(129, 'Nigerien'),
(130, 'North Korean'),
(131, 'Northern Irish'),
(132, 'Norwegian'),
(133, 'Omani'),
(134, 'Pakistani'),
(135, 'Palauan'),
(136, 'Panamanian'),
(137, 'Papua New Guinean'),
(138, 'Paraguayan'),
(139, 'Peruvian'),
(140, 'Polish'),
(141, 'Portuguese'),
(142, 'Qatari'),
(143, 'Romanian'),
(144, 'Russian'),
(145, 'Rwandan'),
(146, 'Saint Lucian'),
(147, 'Salvadoran'),
(148, 'Samoan'),
(149, 'San Marinese'),
(150, 'Sao Tomean'),
(151, 'Saudi'),
(152, 'Scottish'),
(153, 'Senegalese'),
(154, 'Serbian'),
(155, 'Seychellois'),
(156, 'Sierra Leonean'),
(157, 'Singaporean'),
(158, 'Slovakian'),
(159, 'Slovenian'),
(160, 'Solomon Islander'),
(161, 'Somali'),
(162, 'South African'),
(163, 'South Korean'),
(164, 'Spanish'),
(165, 'Sri Lankan'),
(166, 'Sudanese'),
(167, 'Surinamer'),
(168, 'Swazi'),
(169, 'Swedish'),
(170, 'Swiss'),
(171, 'Syrian'),
(172, 'Taiwanese'),
(173, 'Tajik'),
(174, 'Tanzanian'),
(175, 'Thai'),
(176, 'Togolese'),
(177, 'Tongan'),
(178, 'Trinidadian or Tobagonian'),
(179, 'Tunisian'),
(180, 'Turkish'),
(181, 'Tuvaluan'),
(182, 'Ugandan'),
(183, 'Ukrainian'),
(184, 'Uruguayan'),
(185, 'Uzbekistani'),
(186, 'Venezuelan'),
(187, 'Vietnamese'),
(188, 'Welsh'),
(189, 'Yemenite'),
(190, 'Zambian'),
(191, 'Zimbabwean');

-- --------------------------------------------------------

--
-- Table structure for table `t_parents`
--

CREATE TABLE `t_parents` (
  `parent_id` int(10) NOT NULL,
  `student_id` int(10) NOT NULL,
  `parent_name` varchar(150) DEFAULT NULL,
  `relationship` tinyint(3) DEFAULT NULL,
  `position` varchar(150) DEFAULT NULL,
  `contact_number` varchar(15) DEFAULT NULL,
  `nationality` varchar(100) DEFAULT NULL,
  `address` varchar(300) DEFAULT NULL,
  `register_user` int(7) NOT NULL,
  `register_date` datetime DEFAULT CURRENT_TIMESTAMP,
  `update_user` int(7) NOT NULL,
  `update_date` datetime DEFAULT CURRENT_TIMESTAMP,
  `del_flag` tinyint(7) DEFAULT '0'
) ENGINE=InnoDB DEFAULT CHARSET=utf8;

--
-- Dumping data for table `t_parents`
--

INSERT INTO `t_parents` (`parent_id`, `student_id`, `parent_name`, `relationship`, `position`, `contact_number`, `nationality`, `address`, `register_user`, `register_date`, `update_user`, `update_date`, `del_flag`) VALUES
(1, 1, 'None', 2, 'None', '+855 0', 'Cambodian', 'None', 1, '2017-06-13 15:12:35', 1, '2017-06-13 15:12:35', 0),
(2, 1, 'None', 1, 'None', '+855 0', 'Cambodian', 'None', 1, '2017-06-13 15:12:35', 1, '2017-06-13 15:12:35', 0),
(3, 2, 'None', 2, 'None', '+855 0', 'Cambodian', 'None', 1, '2017-06-13 15:15:10', 1, '2017-06-13 15:15:10', 0),
(4, 2, 'None', 1, 'None', '+855 0', 'Cambodian', 'None', 1, '2017-06-13 15:15:10', 1, '2017-06-13 15:15:10', 0),
(5, 3, 'None', 2, 'None', '+855 0', 'Cambodian', 'None', 1, '2017-06-13 15:21:48', 1, '2017-06-13 15:21:48', 0),
(6, 3, 'None', 1, 'None', '+855 0', 'Cambodian', 'None', 1, '2017-06-13 15:21:48', 1, '2017-06-13 15:21:48', 0),
(7, 4, 'None', 2, 'None', '+855 0', 'Cambodian', 'None', 1, '2017-06-13 15:26:08', 0, '2017-06-13 15:34:09', 0),
(8, 4, 'None', 1, 'None', '+855 0', 'Cambodian', 'None', 1, '2017-06-13 15:26:08', 0, '2017-06-13 15:34:09', 0),
(9, 5, 'None', 2, 'None', '+855 0', 'Cambodian', 'None', 1, '2017-06-13 15:29:28', 1, '2017-06-13 15:29:28', 0),
(10, 5, 'None', 1, 'None', '+855 0', 'Cambodian', 'None', 1, '2017-06-13 15:29:28', 1, '2017-06-13 15:29:28', 0),
(11, 6, 'None', 2, 'None', '+855 0', 'Cambodian', 'None', 4, '2017-06-13 15:45:27', 0, '2017-06-14 12:22:07', 0),
(12, 6, 'None', 1, 'None', '+855 0', 'Cambodian', 'None', 4, '2017-06-13 15:45:27', 0, '2017-06-14 12:22:07', 0),
(13, 7, 'None', 2, 'None', '+855 0', 'Cambodian', 'None', 4, '2017-06-13 15:47:35', 4, '2017-06-13 15:47:35', 0),
(14, 7, 'None', 1, 'None', '+855 0', 'Cambodian', 'None', 4, '2017-06-13 15:47:35', 4, '2017-06-13 15:47:35', 0),
(15, 8, 'None', 2, 'None', '+855 0', 'Cambodian', 'None', 4, '2017-06-13 15:49:13', 4, '2017-06-13 15:49:13', 0),
(16, 8, 'None', 1, 'None', '+855 0', 'Cambodian', 'None', 4, '2017-06-13 15:49:13', 4, '2017-06-13 15:49:13', 0),
(17, 9, 'None', 2, 'None', '+855 0', 'Cambodian', 'None', 4, '2017-06-13 15:50:51', 4, '2017-06-13 15:50:51', 0),
(18, 9, 'None', 1, 'None', '+855 0', 'Cambodian', 'None', 4, '2017-06-13 15:50:51', 4, '2017-06-13 15:50:51', 0),
(19, 10, 'None', 2, 'None', '+855 0', 'Cambodian', 'None', 4, '2017-06-13 15:52:45', 4, '2017-06-13 15:52:45', 0),
(20, 10, 'None', 1, 'None', '+855 0', 'Cambodian', 'None', 4, '2017-06-13 15:52:45', 4, '2017-06-13 15:52:45', 0),
(21, 11, 'None', 2, 'None', '+855 0', 'Cambodian', 'None', 4, '2017-06-13 15:54:43', 4, '2017-06-13 15:54:43', 0),
(22, 11, 'None', 1, 'None', '+855 0', 'Cambodian', 'None', 4, '2017-06-13 15:54:43', 4, '2017-06-13 15:54:43', 0),
(23, 12, 'None', 2, 'None', '+855 0', 'Cambodian', 'None', 4, '2017-06-13 15:58:27', 4, '2017-06-13 15:58:27', 0),
(24, 12, 'None', 1, 'None', '+855 0', 'Cambodian', 'None', 4, '2017-06-13 15:58:27', 4, '2017-06-13 15:58:27', 0),
(25, 13, 'None', 2, 'None', '+855 0', 'Cambodian', 'None', 4, '2017-06-13 16:00:33', 0, '2017-06-13 16:46:01', 0),
(26, 13, 'None', 1, 'None', '+855 0', 'Cambodian', 'None', 4, '2017-06-13 16:00:33', 0, '2017-06-13 16:46:01', 0),
(27, 14, 'None', 2, 'None', '+855 0', 'Cambodian', 'None', 4, '2017-06-13 16:02:07', 0, '2017-06-14 13:33:18', 0),
(28, 14, 'None', 1, 'None', '+855 0', 'Cambodian', 'None', 4, '2017-06-13 16:02:07', 0, '2017-06-14 13:33:18', 0),
(29, 15, 'None', 2, 'None', '+855 0', 'Cambodian', 'None', 4, '2017-06-13 16:04:26', 4, '2017-06-13 16:04:26', 0),
(30, 15, 'None', 1, 'None', '+855 0', 'Cambodian', 'None', 4, '2017-06-13 16:04:26', 4, '2017-06-13 16:04:26', 0),
(31, 16, 'None', 2, 'None', '+855 0', 'Cambodian', 'None', 4, '2017-06-13 16:06:08', 4, '2017-06-13 16:06:08', 0),
(32, 16, 'None', 1, 'None', '+855 0', 'Cambodian', 'None', 4, '2017-06-13 16:06:08', 4, '2017-06-13 16:06:08', 0),
(33, 17, 'None', 2, 'None', '+855 0', 'Cambodian', 'None', 4, '2017-06-14 01:01:50', 4, '2017-06-14 01:01:50', 0),
(34, 17, 'None', 1, 'None', '+855 0', 'Cambodian', 'None', 4, '2017-06-14 01:01:50', 4, '2017-06-14 01:01:50', 0),
(35, 18, 'None', 2, 'None', '+855 0', 'Cambodian', 'None', 4, '2017-06-14 01:03:10', 4, '2017-06-14 01:03:10', 0),
(36, 18, 'None', 1, 'None', '+855 0', 'Cambodian', 'None', 4, '2017-06-14 01:03:10', 4, '2017-06-14 01:03:10', 0),
(37, 19, 'None', 2, 'None', '+855 0', 'Cambodian', 'None', 4, '2017-06-14 01:06:27', 4, '2017-06-14 01:06:27', 0),
(38, 19, 'None', 1, 'None', '+855 0', 'Cambodian', 'None', 4, '2017-06-14 01:06:27', 4, '2017-06-14 01:06:27', 0),
(39, 20, 'None', 2, 'None', '+855 0', 'Cambodian', 'None', 4, '2017-06-14 01:07:46', 4, '2017-06-14 01:07:46', 0),
(40, 20, 'None', 1, 'None', '+855 0', 'Cambodian', 'None', 4, '2017-06-14 01:07:46', 4, '2017-06-14 01:07:46', 0),
(41, 21, 'None', 2, 'None', '+855 0', 'Cambodian', 'None', 4, '2017-06-14 01:09:09', 4, '2017-06-14 01:09:09', 0),
(42, 21, 'None', 1, 'None', '+855 0', 'Cambodian', 'None', 4, '2017-06-14 01:09:09', 4, '2017-06-14 01:09:09', 0),
(43, 22, 'None', 2, 'None', '+855 0', 'Cambodian', 'None', 4, '2017-06-14 01:10:32', 4, '2017-06-14 01:10:32', 0),
(44, 22, 'None', 1, 'None', '+855 0', 'Cambodian', 'None', 4, '2017-06-14 01:10:32', 4, '2017-06-14 01:10:32', 0),
(45, 23, 'None', 2, 'None', '+855 0', 'Cambodian', 'None', 4, '2017-06-14 01:12:12', 4, '2017-06-14 01:12:12', 0),
(46, 23, 'None', 1, 'None', '+855 0', 'Cambodian', 'None', 4, '2017-06-14 01:12:12', 4, '2017-06-14 01:12:12', 0),
(47, 24, 'None', 2, 'None', '+855 0', 'Cambodian', 'None', 4, '2017-06-14 01:13:27', 4, '2017-06-14 01:13:27', 0),
(48, 24, 'None', 1, 'None', '+855 0', 'Cambodian', 'None', 4, '2017-06-14 01:13:27', 4, '2017-06-14 01:13:27', 0),
(49, 25, 'None', 2, 'None', '+855 0', 'Cambodian', 'None', 4, '2017-06-14 01:14:40', 4, '2017-06-14 01:14:40', 0),
(50, 25, 'None', 1, 'None', '+855 0', 'Cambodian', 'None', 4, '2017-06-14 01:14:40', 4, '2017-06-14 01:14:40', 0),
(51, 26, 'None', 2, 'None', '+855 0', 'Cambodian', 'None', 4, '2017-06-14 01:16:29', 4, '2017-06-14 01:16:29', 0),
(52, 26, 'None', 1, 'None', '+855 0', 'Cambodian', 'None', 4, '2017-06-14 01:16:29', 4, '2017-06-14 01:16:29', 0);

-- --------------------------------------------------------

--
-- Table structure for table `t_rank`
--

CREATE TABLE `t_rank` (
  `rank_id` int(7) NOT NULL,
  `rank_name` varchar(150) CHARACTER SET utf8 NOT NULL,
  `year` int(11) NOT NULL,
  `description` varchar(500) CHARACTER SET utf8 NOT NULL DEFAULT 'No Description',
  `register_user` int(11) NOT NULL,
  `register_date` datetime DEFAULT CURRENT_TIMESTAMP,
  `update_user` int(11) NOT NULL,
  `update_date` datetime DEFAULT CURRENT_TIMESTAMP,
  `del_flag` tinyint(4) NOT NULL DEFAULT '0'
) ENGINE=InnoDB DEFAULT CHARSET=latin1;

--
-- Dumping data for table `t_rank`
--

INSERT INTO `t_rank` (`rank_id`, `rank_name`, `year`, `description`, `register_user`, `register_date`, `update_user`, `update_date`, `del_flag`) VALUES
(1, 'Generation 2017', 2017, '', 8, '2017-06-09 00:00:00', 8, '2017-06-09 00:00:00', 0);

-- --------------------------------------------------------

--
-- Table structure for table `t_relationship`
--

CREATE TABLE `t_relationship` (
  `relationship_id` tinyint(3) NOT NULL,
  `relationship_name` varchar(150) DEFAULT NULL
) ENGINE=InnoDB DEFAULT CHARSET=utf8;

--
-- Dumping data for table `t_relationship`
--

INSERT INTO `t_relationship` (`relationship_id`, `relationship_name`) VALUES
(1, 'Mother'),
(2, 'Father'),
(3, 'Aunt'),
(4, 'Uncle'),
(5, 'Brother'),
(6, 'Sister'),
(7, 'Grand Mother'),
(8, 'Grand Father'),
(9, 'Cousin'),
(10, 'Other');

-- --------------------------------------------------------

--
-- Table structure for table `t_settings`
--

CREATE TABLE `t_settings` (
  `id` int(15) NOT NULL,
  `school_name_en` varchar(150) CHARACTER SET utf8 NOT NULL,
  `school_name_kh` varchar(150) CHARACTER SET utf8 NOT NULL,
  `phone_number` varchar(100) NOT NULL,
  `email` varchar(100) NOT NULL,
  `website` varchar(200) NOT NULL,
  `address` varchar(200) CHARACTER SET utf8 NOT NULL,
  `logo` varchar(100) NOT NULL,
  `register_user` int(11) NOT NULL,
  `register_date` datetime NOT NULL,
  `update_user` int(11) NOT NULL,
  `update_date` datetime NOT NULL
) ENGINE=InnoDB DEFAULT CHARSET=latin1;

--
-- Dumping data for table `t_settings`
--

INSERT INTO `t_settings` (`id`, `school_name_en`, `school_name_kh`, `phone_number`, `email`, `website`, `address`, `logo`, `register_user`, `register_date`, `update_user`, `update_date`) VALUES
(1, 'RACHNA INTERNATIOAL SCHOOL', 'សាលាអន្តរជាតិរចនា', '023 64 04 955/ 012 47 57 88/ 010 47 57 88', 'moravrg.va@gmail.com', 'www.rachna.com', 'ផ្ទះលេខ D10 ផ្លូវលេខ 371 ភូមិត្នោតជ្រុំ សង្កាត់ បឹងទំពុន ខ័ណ្ឌ មានជ័យ រាជធានីភ្នំពេញ ', '593506f4d5dfd0.94235608.jpg', 1, '2017-05-20 00:00:00', 0, '2017-06-14 12:56:35');

-- --------------------------------------------------------

--
-- Table structure for table `t_students`
--

CREATE TABLE `t_students` (
  `student_id` int(10) NOT NULL,
  `student_name` varchar(100) NOT NULL,
  `latin_name` varchar(100) NOT NULL,
  `student_no` varchar(20) NOT NULL,
  `class_id` int(7) DEFAULT NULL,
  `duration` int(3) DEFAULT NULL,
  `gender` tinyint(1) DEFAULT NULL,
  `dob` datetime DEFAULT NULL,
  `birth_place` varchar(300) DEFAULT NULL,
  `religion` varchar(30) DEFAULT NULL,
  `nationality` varchar(100) DEFAULT NULL,
  `address` varchar(300) DEFAULT NULL,
  `enroll_date` datetime DEFAULT NULL,
  `switch_time` tinyint(3) DEFAULT NULL,
  `fee` double DEFAULT NULL,
  `paid` tinyint(1) DEFAULT '0',
  `leave_flag` tinyint(1) DEFAULT '0',
  `expire_paymentdate` datetime DEFAULT NULL,
  `payment_date` datetime DEFAULT NULL,
  `paid_date` datetime DEFAULT NULL,
  `leave_date` datetime DEFAULT NULL,
  `register_user` int(7) NOT NULL,
  `register_date` datetime DEFAULT CURRENT_TIMESTAMP,
  `update_user` int(7) NOT NULL,
  `update_date` datetime DEFAULT CURRENT_TIMESTAMP,
  `del_flag` tinyint(4) NOT NULL DEFAULT '0',
  `photo` varchar(100) DEFAULT 'no-img.png',
  `start_new` datetime DEFAULT NULL,
  `expire_new` datetime DEFAULT NULL
) ENGINE=InnoDB DEFAULT CHARSET=utf8;

--
-- Dumping data for table `t_students`
--

INSERT INTO `t_students` (`student_id`, `student_name`, `latin_name`, `student_no`, `class_id`, `duration`, `gender`, `dob`, `birth_place`, `religion`, `nationality`, `address`, `enroll_date`, `switch_time`, `fee`, `paid`, `leave_flag`, `expire_paymentdate`, `payment_date`, `paid_date`, `leave_date`, `register_user`, `register_date`, `update_user`, `update_date`, `del_flag`, `photo`, `start_new`, `expire_new`) VALUES
(1, 'សន ពិសី', 'None', '002', 2, 1, 2, '2017-06-01 00:00:00', 'None', 'Buddhism', 'Cambodian', 'None', '2017-01-01 00:00:00', NULL, 9, 0, 0, '2017-02-01 00:00:00', '2017-06-13 00:00:00', '2017-06-13 00:00:00', NULL, 1, '2017-06-13 15:12:34', 1, '2017-06-13 00:00:00', 1, NULL, '2017-01-01 00:00:00', '2017-02-01 00:00:00'),
(2, 'វ៉ាង ស្រីស្រស់', 'None', '003', 2, 1, 2, '2017-06-01 00:00:00', 'None', 'Buddhism', 'Cambodian', 'None', '2017-01-01 00:00:00', NULL, 9, 0, 0, '2017-02-01 00:00:00', '2017-06-13 00:00:00', '2017-06-13 00:00:00', NULL, 1, '2017-06-13 15:15:10', 1, '2017-06-13 00:00:00', 1, NULL, '2017-01-01 00:00:00', '2017-02-01 00:00:00'),
(3, 'ឈុន ស្រីពីន', 'None', '00', 2, 1, 2, '2017-06-01 00:00:00', 'None', 'Buddhism', 'Cambodian', 'None', '2017-01-05 00:00:00', NULL, 8, 0, 0, '2017-02-05 00:00:00', '2017-06-13 00:00:00', '2017-06-13 00:00:00', NULL, 1, '2017-06-13 15:21:47', 1, '2017-06-13 00:00:00', 1, NULL, '2017-01-05 00:00:00', '2017-02-05 00:00:00'),
(4, 'ម៉េង ធនបញ្ញា', 'None', '001', 2, 1, 1, '2017-06-01 00:00:00', 'None', 'Buddhism', 'Cambodian', 'None', '2017-01-07 00:00:00', NULL, 9, 0, 0, '2017-07-07 00:00:00', '2017-06-13 00:00:00', '2017-06-13 00:00:00', NULL, 1, '2017-06-13 15:26:08', 1, '2017-06-13 00:00:00', 1, 'no-img.png', '2017-06-07 00:00:00', '2017-07-07 00:00:00'),
(5, 'ប៉ម  ពិសី', 'None', '005', 2, 1, 2, '2017-06-01 00:00:00', 'None', 'Buddhism', 'Cambodian', 'None', '2017-01-20 00:00:00', NULL, 8, 0, 0, '2017-02-20 00:00:00', '2017-06-13 00:00:00', '2017-06-13 00:00:00', NULL, 1, '2017-06-13 15:29:27', 1, '2017-06-13 00:00:00', 1, NULL, '2017-01-20 00:00:00', '2017-02-20 00:00:00'),
(6, 'ម៉េង ធនបញ្ញា', 'None', '00', 2, 4, 1, '2017-06-01 00:00:00', 'None', 'Buddhism', 'Cambodian', 'None', '2017-01-07 00:00:00', NULL, 35, 0, 0, '2017-10-07 00:00:00', '2017-06-07 00:00:00', '2017-06-14 00:00:00', NULL, 4, '2017-06-13 15:45:27', 8, '2017-06-15 00:00:00', 1, 'no-img.png', '2017-06-07 00:00:00', '2017-10-07 00:00:00'),
(7, 'សន ពិសី', 'None', '00', 2, 2, 2, '2017-06-01 00:00:00', 'None', 'Buddhism', 'Cambodian', 'None', '2017-01-01 00:00:00', NULL, 35, 0, 0, '2017-08-01 00:00:00', '2017-06-01 00:00:00', '2017-06-14 00:00:00', NULL, 4, '2017-06-13 15:47:34', 8, '2017-06-14 01:43:41', 0, NULL, '2017-06-01 00:00:00', '2017-08-01 00:00:00'),
(8, 'វ៉ាង ស្រីនីន', 'None', '00', 2, 3, 2, '2017-06-01 00:00:00', 'None', 'Buddhism', 'Cambodian', 'None', '2017-01-01 00:00:00', NULL, 35, 0, 0, '2017-06-02 00:00:00', '2017-03-01 00:00:00', '2017-06-14 00:00:00', NULL, 4, '2017-06-13 15:49:13', 8, '2017-06-15 00:00:00', 1, NULL, '2017-03-01 00:00:00', '2017-06-01 00:00:00'),
(9, 'ប៉ម  ពិសី', 'None', '00', 2, 1, 2, '2017-06-01 00:00:00', 'None', 'Buddhism', 'Cambodian', 'None', '2017-01-20 00:00:00', NULL, 8, 0, 0, '2017-03-20 00:00:00', '2017-02-20 00:00:00', '2017-06-13 00:00:00', NULL, 4, '2017-06-13 15:50:51', 4, '2017-06-13 17:35:29', 0, NULL, '2017-02-20 00:00:00', '2017-03-20 00:00:00'),
(10, 'ឈុន ស្រីពីន', 'None', '00', 2, 1, 2, '2017-06-01 00:00:00', 'None', 'Buddhism', 'Cambodian', 'None', '2017-01-05 00:00:00', NULL, 9, 0, 0, '2017-03-05 00:00:00', '2017-02-05 00:00:00', '2017-06-13 00:00:00', NULL, 4, '2017-06-13 15:52:45', 8, '2017-06-15 00:00:00', 1, NULL, '2017-02-05 00:00:00', '2017-03-05 00:00:00'),
(11, 'លឹម ណាន់ធីប', 'None', '00', 2, 1, 1, '2017-06-01 00:00:00', 'None', 'Buddhism', 'Cambodian', 'None', '2017-01-01 00:00:00', NULL, 9, 0, 0, '2017-03-01 00:00:00', '2017-02-01 00:00:00', '2017-06-13 00:00:00', NULL, 4, '2017-06-13 15:54:42', 4, '2017-06-13 17:36:22', 0, NULL, '2017-02-01 00:00:00', '2017-03-01 00:00:00'),
(12, 'វ៉ាង ដាវីដ', 'None', '00', 2, 1, 1, '2017-06-01 00:00:00', 'None', 'Buddhism', 'Cambodian', 'None', '2017-01-06 00:00:00', NULL, 9, 0, 0, '2017-03-06 00:00:00', '2017-02-06 00:00:00', '2017-06-13 00:00:00', NULL, 4, '2017-06-13 15:58:27', 4, '2017-06-13 17:37:09', 0, NULL, '2017-02-06 00:00:00', '2017-03-06 00:00:00'),
(13, 'ប៉ូ លីដែត', 'None', '00', 2, 1, 1, '2017-06-01 00:00:00', 'None', 'Buddhism', 'Cambodian', 'None', '2017-01-11 00:00:00', NULL, 12, 0, 0, '2017-09-11 00:00:00', '2017-08-11 00:00:00', '2017-06-14 00:00:00', NULL, 4, '2017-06-13 16:00:33', 1, '2017-06-14 12:16:34', 0, 'no-img.png', '2017-08-11 00:00:00', '2017-09-11 00:00:00'),
(14, 'កេង ចិន្តាមុន្នីរ័ត្ន', 'None', '00', 2, 1, 2, '2017-06-01 00:00:00', 'None', 'Buddhism', 'Cambodian', 'None', '2017-01-03 00:00:00', NULL, 9, 0, 0, '2017-03-03 00:00:00', '2017-02-03 00:00:00', '2017-06-13 00:00:00', NULL, 4, '2017-06-13 16:02:07', 8, '2017-06-15 00:00:00', 1, '5940d8ae5a6539.58153320.jpg', '2017-02-03 00:00:00', '2017-03-03 00:00:00'),
(15, 'មុន្នី រចនា', 'None', '00', 2, 1, 2, '2017-06-01 00:00:00', 'None', 'Buddhism', 'Cambodian', 'None', '2017-01-16 00:00:00', NULL, 9, 0, 0, '2017-03-16 00:00:00', '2017-02-16 00:00:00', '2017-06-13 00:00:00', NULL, 4, '2017-06-13 16:04:26', 4, '2017-06-13 17:38:18', 0, NULL, '2017-02-16 00:00:00', '2017-03-16 00:00:00'),
(16, 'តូន ដេវីដ', 'None', '00', 2, 1, 1, '2017-06-01 00:00:00', 'None', 'Buddhism', 'Cambodian', 'None', '2017-01-01 00:00:00', NULL, 8, 0, 0, '2017-03-01 00:00:00', '2017-02-01 00:00:00', '2017-06-13 00:00:00', NULL, 4, '2017-06-13 16:06:07', 8, '2017-06-15 00:00:00', 1, NULL, '2017-02-01 00:00:00', '2017-03-01 00:00:00'),
(17, 'ទូស  ស្រីនាថ', 'None', '00', 1, 1, 2, '2017-06-01 00:00:00', 'None', 'Buddhism', 'Cambodian', 'None', '2017-01-07 00:00:00', NULL, 8, 0, 0, '2017-02-07 00:00:00', '2017-06-14 00:00:00', '2017-06-14 00:00:00', NULL, 4, '2017-06-14 01:01:50', 4, '2017-06-14 01:01:50', 0, NULL, '2017-01-07 00:00:00', '2017-02-07 00:00:00'),
(18, 'ម៉ុន ពិសិដ្ធ', 'None', '00', 1, 1, 1, '2017-06-01 00:00:00', 'None', 'Buddhism', 'Cambodian', 'None', '2017-01-03 00:00:00', NULL, 8, 0, 0, '2017-02-03 00:00:00', '2017-06-14 00:00:00', '2017-06-14 00:00:00', NULL, 4, '2017-06-14 01:03:09', 4, '2017-06-14 01:03:09', 0, NULL, '2017-01-03 00:00:00', '2017-02-03 00:00:00'),
(19, 'អ៊ែល រក្សា', 'None', '00', 1, 1, 2, '2017-06-01 00:00:00', 'None', 'Buddhism', 'Cambodian', 'None', '2017-01-06 00:00:00', NULL, 8, 0, 0, '2017-02-06 00:00:00', '2017-06-14 00:00:00', '2017-06-14 00:00:00', NULL, 4, '2017-06-14 01:06:27', 8, '2017-06-15 00:00:00', 1, NULL, '2017-01-06 00:00:00', '2017-02-06 00:00:00'),
(20, 'សុខ លក្ខិណា', 'None', '00', 1, 1, 2, '2017-06-01 00:00:00', 'None', 'Buddhism', 'Cambodian', 'None', '2017-01-13 00:00:00', NULL, 8, 0, 0, '2017-02-13 00:00:00', '2017-06-14 00:00:00', '2017-06-14 00:00:00', NULL, 4, '2017-06-14 01:07:46', 4, '2017-06-14 01:07:46', 0, NULL, '2017-01-13 00:00:00', '2017-02-13 00:00:00'),
(21, 'ទិត្យ  ធារ៉ាយុទ្ធ', 'None', '00', 1, 1, 1, '2017-06-01 00:00:00', 'None', 'Buddhism', 'Cambodian', 'None', '2017-01-08 00:00:00', NULL, 8, 0, 0, '2017-02-08 00:00:00', '2017-06-14 00:00:00', '2017-06-14 00:00:00', NULL, 4, '2017-06-14 01:09:09', 8, '2017-06-15 00:00:00', 1, NULL, '2017-01-08 00:00:00', '2017-02-08 00:00:00'),
(22, 'សុខលៀង ដាវុន', 'None', '00', 1, 1, 2, '2017-06-01 00:00:00', 'None', 'Buddhism', 'Cambodian', 'None', '2017-01-02 00:00:00', NULL, 8, 0, 0, '2017-02-02 00:00:00', '2017-06-14 00:00:00', '2017-06-14 00:00:00', NULL, 4, '2017-06-14 01:10:32', 4, '2017-06-14 01:10:32', 0, NULL, '2017-01-02 00:00:00', '2017-02-02 00:00:00'),
(23, 'សុខា  ចិត្រា', 'None', '00', 1, 1, 2, '2017-06-01 00:00:00', 'None', 'Buddhism', 'Cambodian', 'None', '2017-01-02 00:00:00', NULL, 8, 0, 0, '2017-02-02 00:00:00', '2017-06-14 00:00:00', '2017-06-14 00:00:00', NULL, 4, '2017-06-14 01:12:11', 4, '2017-06-14 01:12:11', 0, NULL, '2017-01-02 00:00:00', '2017-02-02 00:00:00'),
(24, 'ញ៉េប ចន្ទ័សុជាតា', 'None', '00', 1, 1, 2, '2017-06-01 00:00:00', 'None', 'Buddhism', 'Cambodian', 'None', '2017-01-20 00:00:00', NULL, 8, 0, 0, '2017-02-20 00:00:00', '2017-06-14 00:00:00', '2017-06-14 00:00:00', NULL, 4, '2017-06-14 01:13:26', 8, '2017-06-15 00:00:00', 1, NULL, '2017-01-20 00:00:00', '2017-02-20 00:00:00'),
(25, 'ពុម ចាន់', 'None', '00', 1, 1, 1, '2017-06-01 00:00:00', 'None', 'Buddhism', 'Cambodian', 'None', '2017-01-20 00:00:00', NULL, 4, 0, 0, '2017-02-20 00:00:00', '2017-06-14 00:00:00', '2017-06-14 00:00:00', NULL, 4, '2017-06-14 01:14:40', 4, '2017-06-14 01:14:40', 0, NULL, '2017-01-20 00:00:00', '2017-02-20 00:00:00'),
(26, 'សូ   គីមសូគ៌', 'None', '00', 1, 1, 2, '2017-06-01 00:00:00', 'None', 'Buddhism', 'Cambodian', 'None', '2017-01-18 00:00:00', NULL, 8, 0, 0, '2017-02-18 00:00:00', '2017-06-14 00:00:00', '2017-06-14 00:00:00', NULL, 4, '2017-06-14 01:16:29', 4, '2017-06-14 01:16:29', 0, NULL, '2017-01-18 00:00:00', '2017-02-18 00:00:00'),
(29, 'ទិត្យ  ធារ៉ាយុទ្ធ', 'none', '1234', 2, 0, 1, '2017-06-14 00:00:00', 'pp', 'Buddhism', 'Cambodian', 'pp', '2017-03-01 00:00:00', NULL, 0, 0, 0, '2017-06-14 00:00:00', '2017-06-14 00:00:00', '2017-06-14 00:00:00', NULL, 1, '2017-06-14 16:14:31', 8, '2017-06-15 09:34:03', 0, 'no-img.png', '2017-06-14 00:00:00', '2017-06-14 00:00:00'),
(30, 'មុន្នី រចនា', 'none', '123', 2, 0, 2, '2017-06-14 00:00:00', 'pp', 'Buddhism', 'Cambodian', 'pp', '2017-06-15 00:00:00', NULL, 0, 0, 0, '2017-06-15 00:00:00', '2017-06-15 00:00:00', '2017-06-15 00:00:00', NULL, 8, '2017-06-15 08:20:35', 8, '2017-06-15 08:20:36', 0, NULL, '2017-06-15 00:00:00', '2017-06-15 00:00:00'),
(31, 'វ៉ាង ស្រីនីន', 'none', '123', 2, 4, 2, '2017-06-15 00:00:00', 'pp', 'Buddhism', 'Cambodian', 'pp', '2017-02-15 00:00:00', NULL, 0, 0, 0, '2017-06-15 00:00:00', '2017-02-15 00:00:00', '2017-02-15 00:00:00', NULL, 8, '2017-06-15 08:24:51', 8, '2017-06-15 00:00:00', 1, NULL, '2017-02-15 00:00:00', '2017-06-15 00:00:00'),
(32, 'វ៉ាង ស្រីនីន', 'none', '123', 2, 0, 2, '2017-06-15 00:00:00', 'pp', 'Buddhism', 'Cambodian', 'pp', '2017-02-15 00:00:00', NULL, 0, 0, 0, '2017-02-15 00:00:00', '2017-02-15 00:00:00', '2017-02-15 00:00:00', NULL, 8, '2017-06-15 08:28:04', 8, '2017-06-15 00:00:00', 1, NULL, '2017-02-15 00:00:00', '2017-02-15 00:00:00'),
(33, 'វ៉ាង ស្រីនីន', 'none', '123', 2, 1, 2, '2017-06-15 00:00:00', 'pp', 'Buddhism', 'Cambodian', 'pp', '2017-02-15 00:00:00', NULL, 10, 0, 0, '2017-03-15 00:00:00', '2017-06-15 00:00:00', '2017-06-15 00:00:00', NULL, 8, '2017-06-15 08:30:33', 8, '2017-06-15 00:00:00', 1, NULL, '2017-02-15 00:00:00', '2017-03-15 00:00:00'),
(36, 'វ៉ាង ស្រីនីន', 'none', '123', 2, 0, 2, '2017-06-15 00:00:00', 'pp', 'Buddhism', 'Cambodian', 'pp', '2017-06-15 00:00:00', NULL, 0, 0, 0, '2017-06-15 00:00:00', '2017-06-15 00:00:00', '2017-06-15 00:00:00', NULL, 8, '2017-06-15 09:32:16', 8, '2017-06-15 09:32:16', 0, NULL, '2017-06-15 00:00:00', '2017-06-15 00:00:00'),
(37, 'kanha', 'kanha', '123', 2, 3, 2, '2017-06-15 00:00:00', 'pp', 'Buddhism', 'Cambodian', 'pp', '2017-06-15 00:00:00', NULL, 15, 0, 0, '2017-08-17 00:00:00', '2017-06-17 00:00:00', '2017-06-15 00:00:00', NULL, 8, '2017-06-15 10:01:15', 8, '2017-06-15 10:24:02', 0, 'no-img.png', '2017-06-17 00:00:00', '2017-09-17 00:00:00'),
(41, 'dara', 'none', '123', 2, 2, 1, '2017-06-15 00:00:00', 'pp', 'Buddhism', 'Cambodian', 'pp', '2017-06-15 00:00:00', NULL, 12, 0, 0, '2017-08-15 00:00:00', '2017-06-15 00:00:00', '2017-06-15 00:00:00', NULL, 8, '2017-06-15 16:56:29', 8, '2017-06-15 16:58:18', 0, NULL, '2017-06-15 00:00:00', '2017-08-15 00:00:00');

-- --------------------------------------------------------

--
-- Table structure for table `t_users`
--

CREATE TABLE `t_users` (
  `user_id` int(7) NOT NULL,
  `username` varchar(50) NOT NULL,
  `password` varchar(256) NOT NULL,
  `role` varchar(30) DEFAULT NULL,
  `register_user` tinyint(7) DEFAULT NULL,
  `register_date` datetime DEFAULT CURRENT_TIMESTAMP,
  `update_user` tinyint(7) DEFAULT NULL,
  `update_date` datetime DEFAULT CURRENT_TIMESTAMP,
  `del_flag` tinyint(4) NOT NULL DEFAULT '0'
) ENGINE=InnoDB DEFAULT CHARSET=utf8;

--
-- Dumping data for table `t_users`
--

INSERT INTO `t_users` (`user_id`, `username`, `password`, `role`, `register_user`, `register_date`, `update_user`, `update_date`, `del_flag`) VALUES
(1, 'RISCYDO', '$2y$10$I3OnSqKVQz31Z4yZExqujOCLoe/B6PWQoop79ocVwG3Zp/yh.GDCO', 'Admin', 1, '2016-08-07 23:32:52', 8, '2017-06-13 10:25:48', 0),
(2, 'ChhornNakry', '$2y$10$1qm19W.tr1xhwjunafm4KeaEmUvqel.2ZsafH6YdkbOJ3fjjISffC', 'Teacher', 1, '2016-08-07 23:36:42', 8, '2017-06-13 09:14:28', 0),
(3, 'Vanny@FullTime002', '$2y$10$VlJd6TMx/3TyAULvhDEaie6RVT99cIZcwX3a.I2TUWfGbx3trsQDW', 'Receptionist', 1, '2016-08-07 23:56:05', 1, '2017-06-13 15:39:34', 1),
(4, 'RIS1_Morning', '$2y$10$LAQ/.Zi7uQKo6zJviCxawu6lTsTJFfN6oJjgZ4xOuPws9RquSIts.', 'Receptionist', 1, '2016-08-09 22:16:52', 1, '2017-06-13 11:17:59', 0),
(5, 'RIS1_Evening', '$2y$10$AUe6YsuYSRCu.N1Omp1MdeZpHEf9jh3DmisNHOs7B.hluh1zA/Nki', 'Receptionist', 1, '2016-08-09 22:17:44', 1, '2017-06-13 11:21:42', 0),
(6, 'KortSina', '$2y$10$mklT8oLCidw/LcxP0kS4iu0VbueNs8hMSnXKasvWz/JoG5pW1koSu', 'Teacher', 1, '2017-06-05 14:30:46', 8, '2017-06-13 09:17:26', 0),
(7, 'raksa', '$2y$10$FB1nVj5T9/hAexspXTb/D.vLHNEvJonX/YDgO5iF1a.TWmfe27UKC', 'Receptionist', 1, '2017-06-05 15:20:39', 1, '2017-06-13 15:40:28', 1),
(8, 'konkhmer_admin', '$2y$10$CB00hVFDXkKAZhlZaNSJR..effcCO1O7WGp9NWRK5.45VFchLw0eO', 'Admin', 1, '2017-06-08 14:16:35', 1, '2017-06-08 14:16:35', 0),
(9, 'konkhmer_rec1', '$2y$10$DLW.HHyZPRr5fwiFstA1suvUUuhbCgVcKHL84KlbTiiSBKGaG8.xa', 'Receptionist', 1, '2017-06-08 14:17:38', 1, '2017-06-13 15:40:08', 1),
(10, 'RIS1_Afternoon', '$2y$10$vD.KCIFDyFR2RJJ9k/xm.uWSzwx75e9awF8qBXaX8MTO6Qv7qIu3q', 'Receptionist', 1, '2017-06-13 11:20:34', 1, '2017-06-13 11:20:34', 0),
(11, 'kanha', '$2y$10$Cra1U/oYPe3NzPLfFEHVBewK8v/Bc6LxzRXs8NJAnywALfEHoMANi', 'Teacher', 1, '2017-06-14 13:36:09', 1, '2017-06-14 13:36:09', 0);

--
-- Indexes for dumped tables
--

--
-- Indexes for table `t_classes`
--
ALTER TABLE `t_classes`
  ADD PRIMARY KEY (`class_id`),
  ADD KEY `level_id` (`level_id`);

--
-- Indexes for table `t_courses`
--
ALTER TABLE `t_courses`
  ADD PRIMARY KEY (`course_id`);

--
-- Indexes for table `t_emergency`
--
ALTER TABLE `t_emergency`
  ADD PRIMARY KEY (`emergency_id`),
  ADD KEY `student_id` (`student_id`);

--
-- Indexes for table `t_exam`
--
ALTER TABLE `t_exam`
  ADD PRIMARY KEY (`exam_id`);

--
-- Indexes for table `t_exam_marks`
--
ALTER TABLE `t_exam_marks`
  ADD PRIMARY KEY (`mark_id`);

--
-- Indexes for table `t_invoice`
--
ALTER TABLE `t_invoice`
  ADD PRIMARY KEY (`invoice_id`),
  ADD KEY `student_id` (`student_id`);

--
-- Indexes for table `t_level`
--
ALTER TABLE `t_level`
  ADD PRIMARY KEY (`level_id`);

--
-- Indexes for table `t_nationality`
--
ALTER TABLE `t_nationality`
  ADD PRIMARY KEY (`nationality_id`);

--
-- Indexes for table `t_parents`
--
ALTER TABLE `t_parents`
  ADD PRIMARY KEY (`parent_id`),
  ADD KEY `student_id` (`student_id`);

--
-- Indexes for table `t_rank`
--
ALTER TABLE `t_rank`
  ADD PRIMARY KEY (`rank_id`);

--
-- Indexes for table `t_relationship`
--
ALTER TABLE `t_relationship`
  ADD PRIMARY KEY (`relationship_id`);

--
-- Indexes for table `t_settings`
--
ALTER TABLE `t_settings`
  ADD PRIMARY KEY (`id`);

--
-- Indexes for table `t_students`
--
ALTER TABLE `t_students`
  ADD PRIMARY KEY (`student_id`),
  ADD KEY `class_id` (`class_id`);

--
-- Indexes for table `t_users`
--
ALTER TABLE `t_users`
  ADD PRIMARY KEY (`user_id`);

--
-- AUTO_INCREMENT for dumped tables
--

--
-- AUTO_INCREMENT for table `t_classes`
--
ALTER TABLE `t_classes`
  MODIFY `class_id` int(7) NOT NULL AUTO_INCREMENT, AUTO_INCREMENT=7;
--
-- AUTO_INCREMENT for table `t_courses`
--
ALTER TABLE `t_courses`
  MODIFY `course_id` int(7) NOT NULL AUTO_INCREMENT, AUTO_INCREMENT=8;
--
-- AUTO_INCREMENT for table `t_emergency`
--
ALTER TABLE `t_emergency`
  MODIFY `emergency_id` int(10) NOT NULL AUTO_INCREMENT, AUTO_INCREMENT=49;
--
-- AUTO_INCREMENT for table `t_exam`
--
ALTER TABLE `t_exam`
  MODIFY `exam_id` int(7) NOT NULL AUTO_INCREMENT, AUTO_INCREMENT=30;
--
-- AUTO_INCREMENT for table `t_exam_marks`
--
ALTER TABLE `t_exam_marks`
  MODIFY `mark_id` int(7) NOT NULL AUTO_INCREMENT, AUTO_INCREMENT=35;
--
-- AUTO_INCREMENT for table `t_invoice`
--
ALTER TABLE `t_invoice`
  MODIFY `invoice_id` int(6) NOT NULL AUTO_INCREMENT, AUTO_INCREMENT=50;
--
-- AUTO_INCREMENT for table `t_level`
--
ALTER TABLE `t_level`
  MODIFY `level_id` tinyint(3) NOT NULL AUTO_INCREMENT, AUTO_INCREMENT=9;
--
-- AUTO_INCREMENT for table `t_nationality`
--
ALTER TABLE `t_nationality`
  MODIFY `nationality_id` int(4) NOT NULL AUTO_INCREMENT, AUTO_INCREMENT=192;
--
-- AUTO_INCREMENT for table `t_parents`
--
ALTER TABLE `t_parents`
  MODIFY `parent_id` int(10) NOT NULL AUTO_INCREMENT, AUTO_INCREMENT=53;
--
-- AUTO_INCREMENT for table `t_rank`
--
ALTER TABLE `t_rank`
  MODIFY `rank_id` int(7) NOT NULL AUTO_INCREMENT, AUTO_INCREMENT=2;
--
-- AUTO_INCREMENT for table `t_relationship`
--
ALTER TABLE `t_relationship`
  MODIFY `relationship_id` tinyint(3) NOT NULL AUTO_INCREMENT, AUTO_INCREMENT=11;
--
-- AUTO_INCREMENT for table `t_settings`
--
ALTER TABLE `t_settings`
  MODIFY `id` int(15) NOT NULL AUTO_INCREMENT, AUTO_INCREMENT=2;
--
-- AUTO_INCREMENT for table `t_students`
--
ALTER TABLE `t_students`
  MODIFY `student_id` int(10) NOT NULL AUTO_INCREMENT, AUTO_INCREMENT=42;
--
-- AUTO_INCREMENT for table `t_users`
--
ALTER TABLE `t_users`
  MODIFY `user_id` int(7) NOT NULL AUTO_INCREMENT, AUTO_INCREMENT=12;
/*!40101 SET CHARACTER_SET_CLIENT=@OLD_CHARACTER_SET_CLIENT */;
/*!40101 SET CHARACTER_SET_RESULTS=@OLD_CHARACTER_SET_RESULTS */;
/*!40101 SET COLLATION_CONNECTION=@OLD_COLLATION_CONNECTION */;
